*Name*,*Place of Origin*,*Meaning*
Smith,British Isles,Occupation (Blacksmith)
Johnson,British Isles,Patronymic (Son of John)
Williams,British Isles,Patronymic (Son of William)
Brown,British Isles,Characteristic (Person with brown hair or dark complexion)
Jones,British Isles,Patronymic (Son of John)
García,Iberian Peninsula,Patronymic (Son of Gerald)
Miller,British Isles,Occupation (Mill-worker)
Davis,British Isles,Patronymic (Son of David)
Rodríguez,Iberian Peninsula,Patronymic (Son of Rodrigo)
Martínez,Iberian Peninsula,Patronymic (Son of Martin)
Hernández,Iberian Peninsula,Patronymic (Son of Hernan)
López,Iberian Peninsula,Patronymic (Son of Lope)
González,Iberian Peninsula,Patronymic (Son of Gonzalo)
Wilson,British Isles,Patronymic (Son of Will)
Anderson,"British Isles, Nordic Countries",Patronymic (Son of Andrew)
Thomas,British Isles,Biblical (St. Thomas the Apostle)
Taylor,British Isles,Occupation (Tailor)
Moore,British Isles,Person from the marshlands
Jackson,British Isles,Patronymic (Son of Jack)
Martin,"British Isles, Iberian Peninsula",Patronymic (Son of Martin)
Lee,"Korea, China, British Isles","Clan name (Korea), Royal Dynasty (China), Person from the meadowlands 
(British Isles)"
Pérez,Iberian Peninsula,Patronymic (Son of Pedro)
Thompson,British Isles,Patronymic (Son of Thomas)
White,British Isles,Person with a fair complexion
Harris,British Isles,Patronymic (Son of Harry)
Sánchez,Iberian Peninsula,Patronymic (Son of Sancho)
Clark,British Isles,"Occupation (Secretary, clerk)"
Ramírez,Iberian Peninsula,Patronymic (Son of Ramiro)
Lewis,British Isles,"from Latin Ludovicus, winner of an athletic game"
Robinson,British Isles,Patronymic (Son of Robin/Robert)
Walker,British Isles,Occupation (Cloth-maker)
Young,British Isles,"“The Younger,” (akin to Junior)"
Allen,British Isles,"Disputed. Maybe “Little Rock (IE from an area associated with a small 
hill). Maybe “fair” or “handsome.”"
King,British Isles,"Occupation (Ancestor was a courtier to the king or local leader, or was a 
leader himself)"
Wright,British Isles,Occupation (Builder)
Scott,British Isles,Person from Scotland
Torres,Iberian Peninsula,Person who lives in a tower
Nguyen,Vietnam,Musical instrument
Hill,British Isles,Person from the hill country
Flores,Iberian Peninsula,Flowers
Green,British Isles,Person who lived in the town square (village green)
Adams,British Isles,Patronymic (Son of Adam)
Nelson,"British Isles, Nordic Countries",Patronymic (Son of Neil)
Baker,British Isles,Occupation (Baker)
Hall,British Isles,Person who worked in the manor house (great hall)
Rivera,Iberian Peninsula,Person who lived on the riverbank
Campbell,British Isles,“Crooked Mouth” (IE someone who spoke wryly or bravely)
Mitchell,British Isles,Biblical (St. Michael)
Carter,British Isles,Occupation (Transporter of goods)
Roberts,British Isles,Patronymic (Son of Robert)
Gómez,Iberian Peninsula,"Person with Visigothic or Germanic ancestors (from the Old English word 
“Gome,” meaning “man.”)"
Phillips,British Isles,Patronymic (Son of Phillip)
Evans,British Isles,"Patronymic (Son of John, from the Welsh “Ifan”)"
Turner,British Isles,"Occupation (Lathe-worker, woodcarver)"
Parker,British Isles,"Occupation (Game-keeper, maintainer of parks)"